datetime,open,high,low,close,hlc3,ema10,ema20
2013-04-01,93.25,164.75,92.49999,162.304,139.85133,,
2013-04-08,163.9,290.0,1.06,90.171,127.077,,
2013-04-15,89.86,142.0,0.01,117.621,86.54366666666665,,
2013-04-22,119.96,169.13,13.0,135.28,105.80333333333333,,
2013-04-29,134.63,148.5,80.0,116.57,115.02333333333333,,
2013-05-06,116.587,124.3,98.0,114.33,112.21,,
2013-05-13,115.97,122.0,103.45,118.25,114.56666666666666,,
2013-05-20,118.23,133.0,116.0,130.24,126.41333333333334,,
2013-05-27,130.27,140.68,117.0,123.8,127.16000000000001,,
2013-06-03,123.41,132.87,89.9,100.0,107.58999999999999,116.2238663333333,
2013-06-10,100.3,119.0,93.0,99.0,103.66666666666667,113.9407391212121,
2013-06-17,99.0,108.5,91.0,100.4,99.96666666666665,111.39999867493111,
2013-06-24,100.4,102.13,86.15,89.55,92.61,107.98363527948909,
2013-07-01,89.58,91.56,1.0,74.07786,55.54595333333333,98.44951128927896,
2013-07-08,73.99,101.39,70.0,90.07,87.15333333333332,96.3956607518343,
2013-07-15,89.01100000000002,99.83,77.0,85.78,87.53666666666668,94.78493455453109,
2013-07-22,85.77,95.68,82.99,92.45,90.37333333333333,93.98282524158604,
2013-07-29,92.01,101.03,90.54,96.38,95.98333333333333,94.3465539855401,
2013-08-05,96.38,98.91,89.51,94.04,94.15333333333335,94.31142295786614,
2013-08-12,94.0,101.0,93.31,99.25,97.85333333333334,94.95540666249654,103.35406416666667
2013-08-19,99.25,114.76,98.82,113.11,108.89666666666666,97.49018120870929,103.88193107142858
2013-08-26,113.28,134.94,110.0,130.41,125.11666666666667,102.51317856470153,105.90428684240364
2013-09-02,130.73,132.05,115.0,117.98,121.67666666666668,105.9974491286952,107.4064182542382
2013-09-09,118.06,129.11,115.98561,125.06,123.38520333333334,109.15885898408395,108.92820730939012
2013-09-16,125.29,128.41,121.5,122.97,124.29333333333334,111.91058159303839,110.39155264500376
2013-09-23,122.93,128.8,121.89,126.76,125.81666666666666,114.43896069733444,111.86061112325737
2013-09-30,127.0,128.5,83.26,122.49,111.41666666666667,113.88945269175848,111.81833069882016
2013-10-07,122.22,133.23,120.8,132.82,128.95,116.62773402052966,113.44991825131348
2013-10-14,132.6,178.5,132.0,166.89,159.13,124.35541874406972,117.80040222737885
2013-10-21,166.44,215.0,155.81,197.9,189.57000000000002,136.21261533605704,124.63560201524754
2013-10-28,196.0,219.89,192.15,213.8975,208.64583333333334,149.38229133556183,132.6365764264938
2013-11-04,213.949,386.0,211.0,325.0,307.3333333333333,178.10066260788392,149.27436279857375
2013-11-11,321.0,499.99,311.56,492.0,434.51666666666665,224.72175425493532,176.44029650029688
2013-11-18,493.2,909.0,360.0,815.01,694.6700000000001,310.1668898449471,225.79550635741145
2013-11-25,814.16,1171.25,768.0,955.0,964.75,429.18200078222947,296.17212479956277
2013-12-02,950.2601,1175.0,538.0,784.9,832.6333333333333,502.5367885187938,347.2636684694457
2013-12-09,786.0,992.0,767.21,859.71,872.9733333333334,569.8888875759828,397.3312555993397
2013-12-16,860.33,864.0,381.51,613.58,619.6966666666667,578.9448474106526,418.508913796228
2013-12-23,612.66,764.0,608.01,728.3,700.1033333333334,600.9736630329583,445.327429942619
2013-12-30,726.82,939.8,710.02,905.36,851.7266666666666,646.565118239087,484.0321191544331
2014-01-06,905.0,995.0,765.0,842.68,867.56,686.7460058319803,520.558583996868
2014-01-13,842.0,850.25,765.03,841.11,818.7966666666666,710.7552168928323,548.9622109178013
2014-01-20,842.07,844.99,767.23,815.0,809.0733333333334,728.6312380638325,573.7346987668996
2014-01-27,815.0,829.0,726.5,814.222,789.9073333333332,739.7723462946508,594.3225687256075
2014-02-03,814.222,829.0,620.0,689.0,712.6666666666666,734.8440409077446,605.5934351961846
2014-02-10,686.1,721.35,200.0,620.99,514.1133333333333,694.7111849851243,596.8810445425797
2014-02-17,622.19,664.0,530.0,607.15175,600.3839166666667,677.5607725635865,597.2146514115404
2014-02-24,606.1111,614.89,400.0,565.37191,526.75397,650.1413539156617,590.5041103247271
2014-03-03,566.0,719.25,563.0,638.5,640.25,648.342925930996,595.2418141033245
2014-03-10,638.52,654.0,606.0,632.01,630.67,645.1296666708149,598.615927045865
2014-03-17,631.8,632.5,550.09,558.0,580.1966666666667,633.3236666700607,596.8617117716556
2014-03-24,558.5,593.25,436.2,460.9999,496.81663333333336,608.504206063383,587.3336090632439
2014-03-31,460.6,513.9,415.46,458.78,462.7133333333333,581.9967746579194,575.465011374681
2014-04-07,458.5,461.0,340.0,418.0,406.3333333333333,550.0579671443584,559.3572325136003
2014-04-14,417.6,547.0,406.4,500.9501,484.7833666666667,538.1898579665963,552.2549595757971
2014-04-21,501.21,515.646,427.55,429.99,457.72866666666664,523.5605504575182,543.2524554892133
2014-04-28,429.99,463.53,423.11,435.0413,440.5604333333333,508.46962007130276,533.472262902939
2014-05-05,438.58799899,459.65,419.4,437.76,438.93666666666667,495.8272649068235,524.4688727851988
2014-05-12,437.97,453.0,431.8,447.4,444.0666666666666,486.4162470449768,516.811519821529
2014-05-19,447.6,586.0,444.1,573.99,534.6966666666666,495.1945051580113,518.5148671401136
2014-05-26,574.55,680.0,551.0,626.42,619.14,517.7300496747365,528.0982131267695
2014-06-02,631.98,685.0,615.0,658.7,652.9,542.3064042793299,539.9840975908867
2014-06-09,658.7,672.0,522.15,593.89,596.0133333333333,552.0713004709669,545.3202152806435
2014-06-16,593.61,619.6,582.1,603.4,601.6999999999999,561.0947003853365,550.6897185872489
2014-06-23,603.39,607.21,560.53,601.5,589.7466666666667,566.3041488001238,554.4094279281458
2014-06-30,601.95,665.0,598.4,637.38,633.5933333333334,578.5385459879801,561.9507522524493
2014-07-07,637.76,642.79,608.43,629.49,626.9033333333333,587.3321436871353,568.1367123553906
2014-07-14,629.6,633.6,611.21,624.0,622.9366666666666,593.8056933197773,573.3557556231311
2014-07-21,624.0,624.95,589.0,591.55,601.8333333333334,595.2652642313329,576.0679058812457
2014-07-28,591.5,605.72,561.47,585.71,584.3000000000001,593.2715798256361,576.8519148449366
2014-08-04,587.0,598.88,574.01,588.61,587.1666666666666,592.1615956149144,577.8342721612918
2014-08-11,587.97,588.7,451.0,497.4,512.3666666666667,577.653426715233,571.5992621141846
2014-08-18,497.57,534.89,443.0,510.82,496.2366666666667,562.8503794336755,564.4218720715638
2014-08-25,511.41,522.8,471.65,477.8,490.75,549.7412195366436,557.4055033028435
2014-09-01,477.84,497.24,468.82,480.0,482.02,537.4282705299811,550.2259315597155
2014-09-08,479.88,489.99,463.0,476.5,476.49666666666667,526.3497971002876,543.2040968079965
2014-09-15,477.13,480.3,381.5,399.26,420.3533333333333,507.07771277902316,531.5040240961238
2014-09-22,400.03,447.11,365.0,376.32,396.1433333333334,486.9078256070796,518.6125297377628
2014-09-29,375.87,398.7,275.0,319.9,331.2,458.59731186033787,500.76371738178534
2014-10-06,319.9,387.13,301.0,378.05,355.3933333333334,439.8329521281552,486.9189189009804
2014-10-13,378.05,414.42,368.24,388.05,390.2366666666667,430.81544568061184,477.71108535485524
2014-10-20,388.07,394.0,337.65,353.01,361.5533333333333,418.222334344743,466.6484423051865
2014-10-27,353.07,359.47,315.54,323.82,332.9433333333333,402.7170614335776,453.9146224031052
2014-11-03,323.8,364.12,321.0,362.61,349.24333333333334,392.99456541535136,443.9459282059841
2014-11-10,362.6,475.0,356.33,391.65,407.66,395.6610080671057,440.4901255196999
2014-11-17,391.8,413.48,340.0,368.25,373.91,391.70627932763193,434.1491611844904
2014-11-24,368.0,396.87,355.51,379.89,377.42333333333335,389.1093800559413,428.7467013891421
2014-12-01,379.67,387.99,366.1,376.2,376.7633333333333,386.86464428819437,423.79590443144605
2014-12-08,376.29,378.34,335.7,353.65,355.8966666666667,381.23410290246204,417.3293103586099
2014-12-15,353.7,354.6,302.32,320.79,325.90333333333336,371.1739629808023,408.6220744514407
2014-12-22,321.19,337.79,310.0,316.96,321.5833333333333,362.15748486308064,400.3326705354305
2014-12-29,316.91,322.9,255.03,264.19,280.70666666666665,347.3482451910054,388.9397177860244
2015-01-05,264.04,303.33,263.75,267.27,278.1166666666666,334.7606854593074,378.38514148894274
2015-01-12,267.54,274.44,166.45,211.06,217.3166666666667,313.4072274970091,363.0452867439641
2015-01-19,210.98,259.39,203.7,254.73,239.2733333333333,299.92833764906806,351.25748165723735
2015-01-26,255.1,315.0,211.02,226.92,250.98,291.02863989469205,341.70724530892903
2015-02-02,226.8,248.42,210.12,223.85,227.46333333333334,279.4713114289905,330.8268727398247
2015-02-09,224.13,268.54,214.0,235.88,239.47333333333336,272.19895177523466,322.12653565349217
2015-02-16,235.34,248.98,228.62,236.5,238.03333333333333,265.98702114943444,314.1176592420485
2015-02-23,236.5,266.91,232.61,262.4,253.97333333333336,263.8027142737797,308.38962820312327
2015-03-02,262.47,294.0,258.98,275.59,276.19,266.0549480421834,305.322996945683
2015-03-09,275.58,303.96,275.01,286.9,288.62333333333333,270.1582908223925,303.7325527921259
2015-03-16,286.71,295.2,246.98,268.82,270.3333333333333,270.1901167334726,300.55167474843137
2015-03-23,268.6,271.5,235.7,242.44,249.88,266.4973682364776,295.72580096286646
2015-03-30,242.77,261.25,236.24,260.67,252.72000000000003,263.9923921934817,291.6300103949744
2015-04-06,260.7,262.45,230.75,236.38,243.1933333333333,260.21074512800016,287.01699353196096
2015-04-13,236.2,237.7,216.37,222.21,225.42666666666665,253.88636722593952,281.15124811621865
2015-04-20,222.55,238.99,213.92,219.7,224.2033333333333,248.48945197273838,275.7276371845153
2015-04-27,219.73,243.73,218.24,240.57,234.17999999999998,245.88773343224048,271.7707193574186
2015-05-04,240.69,249.22,226.42,240.72,238.78666666666666,244.59663038395433,268.62938100591845
2015-05-11,240.8,245.49,232.1,236.24,237.94333333333336,243.38694001111415,265.70690027519606
2015-05-18,236.14,242.98,229.0,240.96,237.64666666666668,242.34325394848733,263.03449707438375
2015-05-25,240.92,241.12,227.0,228.7,232.2733333333333,240.5123592911866,260.1048624323789
2015-06-01,228.38,230.89,219.71,223.26,224.62,237.62283942006178,256.7253517245333
2015-06-08,223.29,235.44,223.25,233.54,230.74333333333334,236.3720201315657,254.25087378251428
2015-06-15,233.5,259.1,233.35,244.25,245.5666666666667,238.04377404703862,253.42380643814784
2015-06-22,244.25,252.06,239.0,248.71,246.59,239.59763331121343,252.7729677297528
2015-06-29,248.71,275.88,248.57,271.94,265.46333333333337,244.30048786068977,253.98157397771286
2015-07-06,271.82,316.23,262.61,311.14,296.66,253.82039915874617,258.04618597983546
2015-07-13,311.18,312.0,272.0,275.04,286.34666666666664,259.73426597836806,260.74146985477176
2015-07-20,275.03,294.57,273.5,293.02,287.03,264.69712670957387,263.24513939241257
2015-07-27,293.0,298.93,276.26,282.44,285.8766666666667,268.54795215631805,265.4005229423415
2015-08-03,282.37,287.05,260.62,265.66,271.11000000000007,269.0137790369875,265.94428266211855
2015-08-10,265.8,273.75,256.5,259.9,263.3833333333333,267.9900616363231,265.70038272604376
2015-08-17,259.9,262.37,162.0,228.53,217.63333333333333,258.8342928539613,261.1225684981666
2015-08-24,228.1,238.9,196.6,229.99,221.83,252.10623960778653,257.3804191173888
2015-08-31,229.99,248.48,225.31,240.98,238.25666666666666,249.58813543667384,255.55910936017716
2015-09-07,241.0,247.68,228.42,230.96,235.6866666666667,247.0605956603089,253.66649577031902
2015-09-14,231.11,236.26,227.0,232.12,231.79333333333332,244.28472978267698,251.58333744298704
2015-09-21,232.11,237.7,224.25,233.37,231.7733333333333,242.00993042825087,249.69667038492477
2015-09-28,233.37,241.5,233.37,239.5,238.12333333333333,241.30327641099313,248.59444780858274
2015-10-05,239.48,249.01,236.24,248.0,244.41666666666666,241.86934736657014,248.19656389030501
2015-10-12,247.92,275.19,244.0,265.01,261.40000000000003,245.42037511810284,249.45403399599024
2015-10-19,265.29,295.99,262.35,284.79,281.04333333333335,251.8972766117811,252.46253869478483
2015-10-26,284.7,336.0,282.25,330.23,316.16,263.5814081369118,258.5289635809958
2015-11-02,330.23,504.0,326.8,374.1,401.6333333333334,288.6817581726248,272.15795117645655
2015-11-09,374.6,388.99,300.28,320.53,336.59999999999997,297.3941657776021,278.29528915965113
2015-11-16,320.81,342.5,309.46,324.66,325.54,302.5115901816744,282.7947854301606
2015-11-23,324.67,376.0,315.55,373.89,355.1466666666667,312.08160408803667,289.6854407860183
2015-11-30,373.84,407.57,346.13,390.6,381.4333333333334,324.69100940536333,298.42333531433405
2015-12-07,390.73,475.04,384.53,433.35,430.97333333333336,344.01506830135787,311.0471446494768
2015-12-14,432.51,469.99,427.3,442.62,446.6366666666666,362.673540731414,323.9604324606378
2015-12-21,442.62,460.05,405.5,422.32,429.28999999999996,374.78562423479326,333.9918198453389
2015-12-28,421.82,436.49,412.5,428.39,425.79333333333335,384.05975316180053,342.7348211299098
2016-01-04,428.64,465.0,425.03,449.35,446.46000000000004,395.4052525869277,352.6134095937279
2016-01-11,449.34,452.49,352.5,382.02,395.67,395.45338848021356,356.7140372514681
2016-01-18,382.11,428.0,371.25,402.77,400.67333333333335,396.402469362599,360.9006368783124
2016-01-25,402.76,402.77,360.03,365.52,376.1066666666666,392.712323417884,362.348830191489
2016-02-01,365.58,393.89,363.23,372.01,376.3766666666667,389.7422040085718,363.6848146176964
2016-02-08,372.33,408.66,369.01,408.3,395.3233333333333,390.75695479489207,366.6980068763285
2016-02-15,408.3,451.6,395.23,440.49,429.10666666666674,397.7296296806693,372.6416887611226
2016-02-22,440.49,442.67,409.69,434.45,428.93666666666667,403.40363640539607,378.0031152283173
2016-02-29,434.46,445.0,389.0,403.75,412.5833333333333,405.07267221047556,381.29646933355696
2016-03-07,403.77,423.6,401.51,411.87,412.32666666666665,406.3915802934194,384.25172622242457
2016-03-14,412.0,420.6,403.01,411.25,411.62000000000006,407.34220205825227,386.85822848695557
2016-03-21,410.81,431.0,406.0,427.36,421.4533333333334,409.9078622900852,390.1530003770868
2016-03-28,427.34,427.99,406.51,420.6,418.3666666666666,411.4458267221909,392.84001621418963
2016-04-04,420.99,425.0,412.0,421.32,419.44,412.89931277270165,395.37334800331445
2016-04-11,421.32,435.67,418.8,428.51,427.66,415.5830740867559,398.448267241094
2016-04-18,428.51,464.99,426.52,463.02,451.51,422.1152424346185,403.50176559908505
2016-04-25,463.33,471.99,435.0,451.11,452.7,427.676107446506,408.1873117325055
2016-05-02,451.12,466.0,436.0,459.87,453.95666666666665,432.4543909410807,412.54629791671135
2016-05-09,459.88,465.4,445.01,457.89,456.09999999999997,436.75359258815695,416.69426954369123
2016-05-16,457.95,458.95,433.0,437.48,443.1433333333334,437.91536363273445,419.2132279998476
2016-05-23,437.4,570.0,436.51,531.0,512.5033333333333,451.476812669207,428.09799993637006
2016-05-30,529.97,593.89,518.0,574.02,561.9699999999999,471.56648309298754,440.84771422814435
2016-06-06,574.01,685.0,561.3,672.0,639.4333333333333,502.08772859123223,459.76063033340046
2016-06-13,671.52,789.78,656.51,767.3,737.8633333333333,544.9560203625233,486.2466020476798
2016-06-20,767.31,767.77,555.56,627.52,650.2833333333333,564.1064409026706,501.8691478844087
2016-06-27,627.75,706.98,616.07,659.29,660.7800000000001,581.6834516476396,517.0035147525602
2016-07-04,659.33,684.44,610.1,649.72,648.0866666666667,593.7567634692808,529.4876244586657
2016-07-11,649.08,689.96,643.4,683.2,672.1866666666667,608.0167458688055,543.0780094308562
2016-07-18,683.17,686.74,639.41,661.82,662.6566666666668,617.951276922962,554.4664529771239
2016-07-25,661.73,664.41,621.25,622.83,636.1633333333333,621.262559906666,562.2471082491438
2016-08-01,622.7,627.35,595.0,604.09,608.8133333333334,618.9990641660601,566.6819868285904
2016-08-08,579.0,614.5,564.0,569.41,582.6366666666667,612.3877191661703,568.2014801465025
2016-08-15,569.65,584.27,562.99,581.42,576.2266666666666,605.8129823480788,568.9657836246133
2016-08-22,581.5,590.69,567.23,574.17,577.3633333333333,600.6403188908523,569.765550263539
2016-08-29,574.26,618.65,570.61,614.52,601.26,600.7529881834246,572.7650216670115
2016-09-05,614.51,636.16,595.36,612.08,614.5333333333333,603.2585054834079,576.7429561114232
2016-09-12,611.79,640.0,604.96,613.03,619.33,606.1805953955156,580.7988650531923
2016-09-19,613.03,615.05,591.0,600.36,602.1366666666667,605.445335626634,582.831036635428
2016-09-26,600.24,616.87,575.0,609.37,600.4133333333333,604.5304261187612,584.5055410828475
2016-10-03,608.98,622.87,608.91,616.56,616.1133333333333,606.6364092486834,587.5158070114652
2016-10-10,616.54,646.86,615.91,644.18,635.65,611.9116075671046,592.1000158675162
2016-10-17,644.17,672.2,627.84,659.03,653.0233333333333,619.386466797328,597.9022365785464
2016-10-24,658.36,724.0,652.6,702.56,693.0533333333333,632.7804425311472,606.964245793288
2016-10-31,702.57,754.66,676.0,713.95,714.8699999999999,647.7058166163931,617.2409842891653
2016-11-07,713.8,743.06,687.6,703.64,711.4333333333333,659.292637837655,626.2116841981338
2016-11-14,703.61,763.85,698.76,729.67,730.7600000000001,672.286703685354,636.1686666554543
2016-11-21,729.68,753.91,720.0,724.98,732.9633333333333,683.3188181668048,645.3872063390619
2016-11-28,724.99,779.21,724.99,768.5,757.5666666666666,696.8184269849615,656.0709644655004
2016-12-05,768.5,777.77,744.59,770.21,764.19,709.0678038967867,666.3680154687861
2016-12-12,770.21,793.0,762.89,790.21,782.0333333333333,722.3342637943406,677.3837600273145
2016-12-19,790.18,920.0,787.75,898.0,868.5833333333334,748.9250037105211,695.5932431993162
2016-12-26,898.0,1006.5,894.21,998.99,966.5666666666666,788.496215157093,721.4002359104925
2017-01-02,999.24,1166.0,815.0,915.9,965.6333333333333,820.7029639164094,744.660530903144
2017-01-09,915.9,923.66,735.0,820.74,826.4666666666666,821.7509098710017,752.4515914520509
2017-01-16,821.15,939.9,813.94,923.72,892.5200000000001,834.6180171671832,765.791439885189
2017-01-23,923.72,928.87,884.2,912.57,908.5466666666667,848.0595898034529,779.3871757691393
2017-01-30,912.56,1040.0,910.01,1006.6,985.5366666666667,873.0554219604008,799.0204606165229
2017-02-06,1007.0,1078.0,936.34,996.01,1003.4500000000002,896.7635270585098,818.4899405578064
2017-02-13,996.0,1071.1,974.22,1056.2,1033.84,921.6865221387807,838.9994700284915
2017-02-20,1056.3,1222.4,1040.1,1178.3,1146.9333333333334,962.6404878105176,868.3265046289526
2017-02-27,1178.7,1294.9,1170.0,1278.4,1247.7666666666667,1014.4816112389083,904.4636629182587
2017-03-06,1278.5,1339.9,958.5,1224.4,1174.2666666666667,1043.5334394985007,930.1591870847737
2017-03-13,1224.4,1263.9,935.11,1016.5,1071.8366666666668,1048.6794808018037,943.6522803782874
2017-03-20,1016.1,1122.3,888.2,968.9,993.1333333333333,1038.5801812620819,948.3647616121013
2017-03-27,969.0,1118.2,960.1,1107.5,1061.9333333333334,1042.8262089114003,959.1808160617425
2017-04-03,1107.6,1226.9,1107.5,1215.9,1183.4333333333334,1068.391140624479,980.5381986590369
2017-04-10,1216.3,1244.7,1163.3,1212.1,1206.7,1093.5382059654828,1002.0774178343667
2017-04-17,1212.5,1359.0,1202.0,1355.2,1305.3999999999999,1132.0585321535768,1030.965282802522
2017-04-24,1355.3,1449.7,1325.0,1435.0,1403.2333333333333,1181.363041458987,1066.4193828530756
2017-05-01,1435.3,1702.0,1432.0,1619.9,1584.6333333333332,1254.684912708868,1115.773092422624
2017-05-08,1620.0,1908.1,1618.9,1827.2,1784.7333333333333,1351.0573528224072,1179.4835915569772
2017-05-15,1827.3,2099.1,1719.0,2026.6,1948.2333333333333,1459.6348038243939,1252.697852678535
2017-05-22,2026.7,2690.0,1810.0,2056.9,2185.633333333333,1591.6345364623828,1341.5488508361348
2017-05-29,2056.8,2498.0,1990.0,2488.2,2325.4,1725.0464389237677,1435.2489602803123
2017-06-05,2488.2,3003.0,2480.0,2936.4,2806.4666666666667,1921.6682985133857,1565.8411227932984
2017-06-12,2938.8,2962.2,2046.0,2491.4,2499.866666666667,2026.795274541255,1654.7959364955238
2017-06-19,2494.9,2780.0,2368.3,2481.7,2543.3333333333335,2120.7112852307237,1739.4185457181725
2017-06-26,2483.0,2566.8,2207.8,2445.1,2406.566666666667,2172.68499094635,1802.9564619989815
2017-07-03,2445.1,2628.6,2416.2,2478.0,2507.6,2233.5786289561042,1870.0653703800308
2017-07-10,2480.5,2499.9,1826.2,1925.0,2083.7000000000003,2206.3279691459034,1890.4115255819327
2017-07-17,1925.0,2922.0,1923.2,2749.3,2531.5,2265.450156573921,1951.4675707646056
2017-07-24,2747.5,2820.0,2404.0,2748.2,2657.4,2336.7137644695717,2018.699230691786
2017-07-31,2748.2,3339.5,2604.0,3232.0,3058.5,2467.9476254751044,2117.7278753878063
2017-08-07,3232.1,4190.0,3190.0,4061.5,3813.8333333333335,2712.654117812964,2279.2617285254755
2017-08-14,4060.9,4492.3,3832.5,4060.0,4128.266666666666,2970.0382176045464,2455.3574369198745
2017-08-21,4059.6,4464.2,3599.0,4334.9,4132.7,3181.4312689491744,2615.10434768941
2017-08-28,4335.4,4970.0,4175.0,4598.5,4581.166666666667,3435.9286139887186,2802.3483780681963
2017-09-04,4598.0,4694.9,3900.1,4233.9,4276.3,3588.7234114453154,2942.7247230140824
2017-09-11,4233.4,4383.2,2980.4,3666.6,3676.7333333333336,3604.725215424955,3012.630304949249
2017-09-18,3667.0,4119.0,3490.0,3654.7,3754.566666666667,3631.9691156507206,3083.2909108270983
2017-09-25,3654.4,4424.0,3653.7,4404.2,4160.633333333333,3728.0898825021045,3185.894951065787
2017-10-02,4404.3,4632.4,4133.0,4611.9,4459.099999999999,3861.000812956267,3307.1525747738074
2017-10-09,4611.8,5920.0,4551.0,5713.9,5394.966666666666,4139.903695449067,3505.992012096937
2017-10-16,5712.0,6199.9,5114.0,5981.3,5765.066666666667,4435.3878720340845,3721.141979198816
2017-10-23,5981.4,6345.0,5365.3,6152.0,5954.099999999999,4711.517349846069,3933.8046478465476
2017-10-30,6150.0,7598.0,6006.2,7370.5,6991.566666666667,5126.071771086177,4225.020078210368
2017-11-06,7356.2,7899.9,5400.2,5811.1,6370.399999999999,5352.313267252327,4429.341975523666
2017-11-13,5810.0,8130.0,5780.0,8052.7,7320.900000000001,5710.238127751904,4704.728454045222
2017-11-20,8052.6,9495.0,7755.6,9306.2,8852.266666666666,6281.516043918225,5099.732093342503
2017-11-27,9305.4,11874.0,8801.0,11162.0,10612.333333333334,7068.937369266427,5624.741735246391
2017-12-04,11161.0,17171.0,10718.0,14911.0,14266.666666666666,8377.615423339197,6447.782204905465
2017-12-11,14943.0,19891.0,14901.0,18970.0,17920.666666666668,10112.715649398737,7540.437867930341
2017-12-18,18956.0,19175.0,10700.0,13476.0,14450.333333333334,10901.373410114118,8198.523150349674
2017-12-25,13543.0,16494.0,11651.0,13766.0,13970.333333333334,11459.366123426702,8748.21935825288
2018-01-01,13769.0,17252.0,12777.0,16214.0,15414.333333333334,12178.451070682453,9383.08735587959
2018-01-08,16215.35727958,16329.0,12639.0,13558.0,14175.333333333334,12541.520572982614,9839.491734684709
2018-01-15,13551.0,14356.0,9231.1,11514.0,11700.366666666667,12388.583499106988,10016.71791868299
2018-01-22,11514.0,12190.0,9900.0,11832.0,11307.333333333334,12191.992559875414,10139.633672459215
2018-01-29,11835.0,11975.0,7809.0,8185.2,9323.066666666668,11670.369670201097,10061.865386193258
2018-02-05,8185.2,9074.9,6000.0,8070.5,7715.133333333334,10951.235790770594,9838.367095444693
2018-02-12,8070.7,11250.0,8069.57681296,10400.0,9906.52560432,10761.288484143213,9844.858382004246
2018-02-19,10400.0,11788.0,9280.4,9578.0,10215.466666666667,10662.048153692933,9880.154409114954
2018-02-26,9575.0,11549.0,9359.9,11500.0,10802.966666666667,10687.669701506338,9968.041290786545
2018-03-05,11500.0,11700.0,8342.0,9527.7,9856.566666666668,10536.560058808216,9957.424659917984
2018-03-12,9527.0,9900.0,7240.0,8200.2,8446.733333333334,10156.591563267328,9813.54929548135
2018-03-19,8200.3,9177.5,8085.7,8445.1,8569.433333333334,9868.017339642965,9695.062060991064
2018-03-26,8445.3,8499.1,6425.1,6813.0,7245.733333333334,9391.23842940485,9461.792658356995
2018-04-02,6816.7,7509.7,6500.2,7023.9,7011.266666666666,8958.51629072518,9228.409230576965
2018-04-09,7023.9,8458.8,6611.0,8357.5,7809.099999999999,8749.53151059333,9093.236922902968
2018-04-16,8357.4,9069.0,7823.0,8791.4,8561.133333333333,8715.277296546057,9042.560390563003
2018-04-23,8791.4,9767.4,8652.2,9400.0,9273.199999999999,8816.717788083137,9064.526067652241
2018-04-30,9401.2,9990.0,8817.97469512,9658.7,9488.89156504,8938.931202075293,9104.941829308218
2018-05-07,9658.6,9677.9,8204.40576219,8683.6,8855.30192073,8923.725878194331,9081.166599919816
2018-05-14,8683.5,8884.5,7925.0,8522.5,8444.0,8836.502991249907,9020.48406659412
2018-05-21,8522.6,8644.0,7211.1,7339.7,7731.599999999999,8635.611538295378,8897.733203108965
2018-05-28,7339.6,7779.0,7040.0,7718.0,7512.333333333333,8431.379137393187,8765.790358368427
2018-06-04,7718.1,7764.0,6618.9,6758.0,7046.966666666667,8179.667779079275,8602.092863920641
2018-06-11,6758.0,6899.0,6107.87718467,6438.4,6481.759061556666,7870.9571031660735,8400.156311314548
2018-06-18,6443.6,6849.7,5755.0,6148.0390596,6250.913019866667,7576.403633475273,8195.466474033798
2018-06-25,6148.0,6545.5,5780.0,6349.7,6225.066666666667,7330.706003146435,8007.809349522642
2018-07-02,6349.3,6839.4,6275.0,6707.0,6607.133333333334,7199.14733590769,7874.411633695089
2018-07-09,6707.0,6820.0,6079.9,6347.2,6415.7,7056.702365742655,7735.486716200319
2018-07-16,6347.2,7685.2,6327.1,7400.0,7137.433333333333,7071.380723486415,7678.529251165368
2018-07-23,7398.7,8506.7,7374.0,8221.0,8033.900000000001,7246.384228307067,7712.374084387714
2018-07-30,8218.5,8301.7283857,6890.0,7025.8,7405.842795233333,7275.376695020934,7683.180628277773
2018-08-06,7025.2,7153.6,6008.1,6313.9,6491.866666666666,7132.9203262292485,7569.722155743382
2018-08-13,6313.9,6647.6,5858.6,6485.1,6330.433333333334,6987.013600248173,7451.694648847188
2018-08-20,6485.1,6899.0,6230.0,6707.0,6612.0,6918.82930929396,7371.72372990936
2018-08-27,6707.0,7429.2,6652.7,7300.0,7127.3,6956.733071240513,7348.445279441802
2018-09-03,7300.1,7415.4,6119.5,6239.9,6591.599999999999,6890.345240105874,7276.364776637821
2018-09-10,6240.0,6596.5,6170.0,6498.4,6421.633333333334,6805.1248934199575,7194.961782037393
2018-09-17,6499.9,6840.9,6100.0,6710.0,6550.3,6758.793094616329,7133.565421843356
2018-09-24,6710.03023581,6826.41966538,6328.0,6622.4,6592.273221793333,6728.516754103057,7082.013783743353
2018-10-01,6622.3,6741.436643800002,6424.6,6609.4,6591.8122146,6703.6613832843195,7035.327920015415
2018-10-08,6609.4,6730.0,6220.3,6336.4,6428.899999999999,6653.704768141716,6977.572880013947
2018-10-15,6336.4,7788.0,6294.6,6590.9,6891.166666666667,6696.879658782616,6969.343716838015
2018-10-22,6590.053594,6627.9,6451.0,6490.1,6523.0,6665.2651753675955,6926.834791424871
2018-10-29,6490.17717293,6529.4,6242.1,6491.702450399999,6421.067483466667,6620.865595021972,6878.666476381232
2018-11-05,6492.1,6615.0,6357.8,6447.9,6473.566666666666,6594.083971684643,6840.0855421227025
2018-11-12,6448.0,6501.1,5432.0,5659.5,5864.2,6461.377795014708,6747.1440619205405
2018-11-19,5659.5,5659.5,3657.6,4089.1,4468.733333333334,6099.078801981731,6530.152563959854
2018-11-26,4086.5,4488.0,3684.1,4173.0,4115.033333333334,5738.343262227477,6300.14120866209
2018-12-03,4172.9457484,4189.8,3277.6,3642.3,3703.2333333333336,5368.323275155814,6052.8166491069705
2018-12-10,3642.1,3709.7,3215.2,3300.7,3408.533333333333,5011.9978311880905,5800.9801428428145
2018-12-17,3300.1,4300.0,3280.0,4071.7,3883.9,4806.889134608437,5618.40108161969
2018-12-24,4072.6,4384.0,3686.0,3977.3,4015.7666666666664,4663.048685891752,5465.769232576545
2018-12-31,3979.6,4218.0,3771.0,4168.4,4052.4666666666667,4552.033773305373,5331.168988204176
2019-01-07,4169.2,4215.8,3570.0,3591.0,3792.2666666666664,4413.8942993710625,5184.60686234346
2019-01-14,3590.9,3882.0,3543.0,3586.1,3670.366666666667,4278.707457061172,5040.3935103742415
2019-01-21,3586.5,3750.0,3462.0,3597.1,3603.0333333333333,4155.857616383383,4903.502064941774
2019-01-28,3597.1,3597.9,3422.0,3501.73867085,3507.2128902833333,4037.9222116379196,4770.5221435457315
2019-02-04,3501.73867085,3800.0,3405.32458599,3747.7,3651.0081953299996,3967.5742086728433,4663.901767525185
2019-02-11,3747.7,3790.0,3631.0,3735.3,3718.7666666666664,3922.3364737626293,4573.888900776755
2019-02-18,3736.88193536,4282.4,3723.6,3831.4,3945.7999999999997,3926.6025694421514,4514.070910226587
2019-02-25,3831.4,3988.0,3761.2,3885.0,3878.066666666667,3917.777859846609,4453.499077506595
2019-03-04,3884.9,4046.2,3767.0,4000.0,3937.7333333333336,3921.406127753286,4404.3785304424755
2019-03-11,3998.6,4166.8,3869.3,4068.9,4035.0,3942.0595590708704,4369.199622781287
2019-03-18,4068.9,4146.9,4004.0,4041.4,4064.1,3964.248730148894,4340.142515849736
2019-03-25,4041.4,4210.0,3939.0,4167.5,4105.5,3989.9307792127315,4317.795609578333
2019-04-01,4167.5,5335.5,4124.0,5238.0,4899.166666666667,4155.246395113447,4373.164281681984
2019-04-08,5238.9,5488.0,4934.7,5194.4,5205.7,4346.237959638274,4452.453397712271
2019-04-15,5194.3,5404.84614183,4977.0,5321.9,5234.582047276666,4507.755066481618,4526.9418405279275
2019-04-22,5320.3,5690.0,5055.0,5486.8,5410.599999999999,4671.9086907576875,4611.0997604776485
2019-04-29,5483.3,6189.9903581,5365.0,6041.4021233,5865.464160466666,4888.91877615932,4730.563036667078
2019-05-06,6042.0,7448.0,5901.0,6983.07295112,6777.357650373334,5232.271298743686,4925.495857020055
2019-05-13,6980.2,8352.3,6879.964940800001,8188.3,7806.854980266667,5700.377422656956,5199.91101161497
2019-05-20,8186.3,8828.0,7436.4,8729.87136565,8331.423788549999,6178.749489182964,5498.150323704021
2019-05-27,8724.7,9109.0,8005.0,8740.1,8618.033333333333,6622.255642664849,5795.282038906812
2019-06-03,8740.0,8740.1,7455.0,7633.3,7942.8,6862.3546167257855,5999.807559010925
2019-06-10,7633.3,9395.5,7513.2,8985.9,8631.533333333333,7184.023474290794,6250.4481089463925
2019-06-17,8985.9,11369.0,8945.0,10913.0,10409.0,7770.382842601559,6646.500669999117
2019-06-24,10909.0,13764.0,10388.0,10800.0,11650.666666666666,8475.888992431579,7123.087907776979
2019-07-01,10800.0,12065.0,9728.2,11485.0,11092.733333333332,8951.678872595534,7501.149376877584
2019-07-08,11485.0,13174.0,10122.0,10204.0,11166.666666666666,9354.403926063012,7850.246261619401
2019-07-15,10198.0,11098.0,9084.7,10569.43491181,10250.71163727,9517.368964464284,8078.862011681363
2019-07-22,10583.68200346,10690.0,9101.4,9519.0,9770.133333333333,9563.326122440474,8239.935470886312
2019-07-29,9519.0,11060.0,9376.7,10973.0,10469.9,9728.157736542205,8452.313045087616
2019-08-05,10973.0,12325.0,10973.0,11565.357744,11621.119248,10072.33255680726,8754.104112031653
2019-08-12,11580.0,11585.0,9522.0,10332.192078,10479.730692666666,10146.404945145334,8918.449500663559
2019-08-19,10328.0,10993.0,9787.0,10132.0,10304.0,10175.058591482546,9050.406691076554
2019-08-26,10133.0,10675.0,9358.2,9779.1,9937.433333333334,10131.85399909178,9134.885418910533
2019-09-02,9779.1,10933.0,9754.56718098,10415.0,10367.52239366,10174.702798104183,9252.27941650572
2019-09-09,10412.0,10557.0,9814.0,10450.0,10273.666666666666,10192.696228751907,9349.554392711525
